{
  "thresholds": {
    "max_error_pct": 30,
    "min_r2": 0.85,
    "max_mape": 15
  },
  "baseline_metrics": {
    "r2": 0.9996096851972502,
    "rmse": 433.8099971591544,
    "mape": 1.7555492924314755
  },
  "retrain_schedule": "monthly",
  "alert_email": "data-science-team@walmart.com"
}